{"cameraMode":{"drawMode":0,"name":"Shaded","section":"Shading Mode"},"sceneLighting":false,"audioPlay":false,"sceneViewState":{"showFog":true,"showMaterialUpdate":false,"showSkybox":false,"showFlares":true,"showImageEffects":true,"showParticleSystems":true},"in2DMode":false,"pivot":{"x":-0.019779562950134279,"y":0.514699399471283,"z":0.10546520352363587},"rotation":{"x":0.01978391408920288,"y":0.6890236735343933,"z":-0.018822040408849717,"w":0.7242242693901062},"size":2.127229928970337,"orthographic":false}