{"cameraMode":{"drawMode":0,"name":"Shaded","section":"Shading Mode"},"sceneLighting":false,"audioPlay":false,"sceneViewState":{"showFog":true,"showMaterialUpdate":false,"showSkybox":false,"showFlares":true,"showImageEffects":true,"showParticleSystems":true},"in2DMode":false,"pivot":{"x":0.22110290825366975,"y":1.19987952709198,"z":0.9999943971633911},"rotation":{"x":0.07966157048940659,"y":0.9054988026618958,"z":-0.19613581895828248,"w":0.36777254939079287},"size":5.337568759918213,"orthographic":false}